{"loss": 0.5353984832763672, "epoch": 24, "_timestamp": 1655016332, "_runtime": 26, "_step": 24, "gradients/out.bias": {"_type": "histogram", "values": [0.0, 0.0, 0.0, 0.0, 0.0, 0.0, 0.0, 0.0, 0.0, 0.0, 0.0, 0.0, 0.0, 0.0, 0.0, 0.0, 0.0, 0.0, 0.0, 0.0, 0.0, 0.0, 0.0, 0.0, 0.0, 0.0, 0.0, 0.0, 0.0, 0.0, 0.0, 0.0, 1.0, 0.0, 0.0, 0.0, 0.0, 0.0, 0.0, 0.0, 0.0, 0.0, 0.0, 0.0, 0.0, 0.0, 0.0, 0.0, 0.0, 0.0, 0.0, 0.0, 0.0, 0.0, 0.0, 0.0, 0.0, 0.0, 0.0, 0.0, 0.0, 0.0, 0.0, 0.0], "bins": [-222694.453125, -222694.453125, -222694.453125, -222694.453125, -222694.453125, -222694.453125, -222694.453125, -222694.453125, -222694.453125, -222694.453125, -222694.453125, -222694.453125, -222694.453125, -222694.453125, -222694.453125, -222694.453125, -222694.453125, -222694.453125, -222694.453125, -222694.453125, -222694.453125, -222694.453125, -222694.453125, -222694.453125, -222694.453125, -222694.453125, -222694.453125, -222694.453125, -222694.453125, -222694.453125, -222694.453125, -222694.453125, -222694.453125, -222694.453125, -222694.453125, -222694.453125, -222694.453125, -222694.453125, -222694.453125, -222694.453125, -222694.453125, -222694.453125, -222694.453125, -222694.453125, -222694.453125, -222694.453125, -222694.453125, -222694.453125, -222694.453125, -222694.453125, -222694.453125, -222694.453125, -222694.453125, -222694.453125, -222694.453125, -222694.453125, -222694.453125, -222694.453125, -222694.453125, -222694.453125, -222694.453125, -222694.453125, -222694.453125, -222694.453125, -222694.453125]}, "gradients/out.weight": {"_type": "histogram", "values": [29.0, 0.0, 0.0, 1.0, 2.0, 1.0, 0.0, 0.0, 0.0, 3.0, 0.0, 0.0, 0.0, 0.0, 0.0, 0.0, 0.0, 0.0, 0.0, 0.0, 0.0, 0.0, 0.0, 0.0, 0.0, 0.0, 0.0, 0.0, 1.0, 0.0, 0.0, 1.0, 0.0, 0.0, 0.0, 0.0, 0.0, 0.0, 0.0, 0.0, 0.0, 0.0, 0.0, 0.0, 0.0, 0.0, 0.0, 0.0, 0.0, 0.0, 0.0, 0.0, 0.0, 0.0, 0.0, 0.0, 0.0, 0.0, 0.0, 0.0, 0.0, 1.0, 0.0, 25.0], "bins": [-11054191616.0, -10881469440.0, -10708748288.0, -10536026112.0, -10363304960.0, -10190582784.0, -10017861632.0, -9845139456.0, -9672417280.0, -9499696128.0, -9326973952.0, -9154252800.0, -8981530624.0, -8808808448.0, -8636087296.0, -8463365120.0, -8290643968.0, -8117922304.0, -7945200640.0, -7772478464.0, -7599756800.0, -7427035136.0, -7254313472.0, -7081591808.0, -6908870144.0, -6736148480.0, -6563426304.0, -6390704640.0, -6217982976.0, -6045261312.0, -5872539648.0, -5699817472.0, -5527095808.0, -5354374144.0, -5181652480.0, -5008930816.0, -4836208640.0, -4663486976.0, -4490765312.0, -4318043648.0, -4145321984.0, -3972600064.0, -3799878400.0, -3627156480.0, -3454434816.0, -3281713152.0, -3108991488.0, -2936269568.0, -2763547904.0, -2590826240.0, -2418104320.0, -2245382656.0, -2072660992.0, -1899939200.0, -1727217408.0, -1554495744.0, -1381773952.0, -1209052160.0, -1036330496.0, -863608704.0, -690886912.0, -518165248.0, -345443584.0, -172721664.0, 0.0]}, "gradients/layer2.bias": {"_type": "histogram", "values": [1.0, 0.0, 0.0, 0.0, 0.0, 0.0, 0.0, 0.0, 0.0, 0.0, 0.0, 0.0, 0.0, 0.0, 0.0, 0.0, 0.0, 0.0, 0.0, 0.0, 0.0, 0.0, 0.0, 0.0, 0.0, 0.0, 0.0, 0.0, 0.0, 0.0, 0.0, 0.0, 0.0, 0.0, 0.0, 1.0, 28.0, 4.0, 0.0, 3.0, 1.0, 0.0, 0.0, 0.0, 0.0, 1.0, 0.0, 0.0, 0.0, 0.0, 0.0, 0.0, 0.0, 0.0, 0.0, 0.0, 0.0, 0.0, 0.0, 0.0, 0.0, 0.0, 0.0, 25.0], "bins": [-2515610.25, -2476303.75, -2436997.5, -2397691.0, -2358384.5, -2319078.25, -2279771.75, -2240465.5, -2201159.0, -2161852.5, -2122546.25, -2083239.75, -2043933.25, -2004626.875, -1965320.5, -1926014.125, -1886707.75, -1847401.375, -1808094.875, -1768788.5, -1729482.125, -1690175.75, -1650869.25, -1611562.875, -1572256.5, -1532950.0, -1493643.625, -1454337.25, -1415030.75, -1375724.375, -1336418.0, -1297111.625, -1257805.125, -1218498.75, -1179192.25, -1139885.875, -1100579.5, -1061273.125, -1021966.625, -982660.25, -943353.875, -904047.4375, -864741.0, -825434.625, -786128.1875, -746821.75, -707515.375, -668209.0, -628902.5625, -589596.125, -550289.75, -510983.3125, -471676.9375, -432370.5, -393064.09375, -353757.6875, -314451.28125, -275144.875, -235838.46875, -196532.0625, -157225.625, -117919.21875, -78612.8125, -39306.4375, 0.0]}, "gradients/layer2.weight": {"_type": "histogram", "values": [1.0, 0.0, 0.0, 0.0, 0.0, 0.0, 2.0, 1.0, 9.0, 3.0, 2.0, 5.0, 56.0, 326.0, 627.0, 564.0, 595.0, 581.0, 762.0, 1134.0, 1096.0, 1004.0, 663.0, 412.0, 315.0, 238.0, 308.0, 178.0, 139.0, 104.0, 111.0, 90.0, 96.0, 106.0, 116.0, 83.0, 47.0, 45.0, 17.0, 17.0, 6.0, 6.0, 8.0, 13.0, 11.0, 6.0, 6.0, 12.0, 12.0, 14.0, 12.0, 5.0, 7.0, 3.0, 5.0, 1.0, 2.0, 0.0, 1.0, 0.0, 1.0, 0.0, 0.0, 6400.0], "bins": [-64090528.0, -63089112.0, -62087700.0, -61086284.0, -60084872.0, -59083456.0, -58082040.0, -57080628.0, -56079212.0, -55077800.0, -54076384.0, -53074968.0, -52073552.0, -51072140.0, -50070724.0, -49069312.0, -48067896.0, -47066480.0, -46065068.0, -45063652.0, -44062240.0, -43060824.0, -42059408.0, -41057996.0, -40056580.0, -39055168.0, -38053752.0, -37052336.0, -36050920.0, -35049508.0, -34048092.0, -33046678.0, -32045264.0, -31043850.0, -30042436.0, -29041020.0, -28039606.0, -27038192.0, -26036776.0, -25035362.0, -24033948.0, -23032534.0, -22031120.0, -21029704.0, -20028290.0, -19026876.0, -18025460.0, -17024046.0, -16022632.0, -15021218.0, -14019803.0, -13018388.0, -12016974.0, -11015560.0, -10014145.0, -9012730.0, -8011316.0, -7009902.0, -6008487.0, -5007072.0, -4005658.0, -3004244.0, -2002829.0, -1001414.0, 0.0]}, "gradients/layer1.bias": {"_type": "histogram", "values": [1.0, 0.0, 0.0, 0.0, 0.0, 0.0, 0.0, 0.0, 0.0, 0.0, 0.0, 0.0, 0.0, 0.0, 0.0, 0.0, 0.0, 0.0, 1.0, 0.0, 0.0, 1.0, 0.0, 1.0, 0.0, 0.0, 1.0, 0.0, 0.0, 0.0, 1.0, 1.0, 0.0, 2.0, 0.0, 0.0, 2.0, 1.0, 2.0, 1.0, 2.0, 2.0, 2.0, 1.0, 3.0, 0.0, 2.0, 1.0, 1.0, 4.0, 2.0, 3.0, 6.0, 5.0, 3.0, 4.0, 3.0, 11.0, 7.0, 23.0, 54.0, 51.0, 45.0, 6.0], "bins": [-411855968.0, -407256640.0, -402657280.0, -398057952.0, -393458624.0, -388859264.0, -384259936.0, -379660576.0, -375061248.0, -370461920.0, -365862560.0, -361263232.0, -356663872.0, -352064544.0, -347465216.0, -342865856.0, -338266528.0, -333667200.0, -329067840.0, -324468512.0, -319869184.0, -315269824.0, -310670496.0, -306071136.0, -301471808.0, -296872480.0, -292273120.0, -287673792.0, -283074432.0, -278475104.0, -273875776.0, -269276416.0, -264677088.0, -260077744.0, -255478400.0, -250879072.0, -246279728.0, -241680384.0, -237081056.0, -232481712.0, -227882368.0, -223283024.0, -218683680.0, -214084352.0, -209485008.0, -204885664.0, -200286336.0, -195686992.0, -191087648.0, -186488304.0, -181888960.0, -177289632.0, -172690288.0, -168090944.0, -163491616.0, -158892272.0, -154292928.0, -149693584.0, -145094240.0, -140494912.0, -135895568.0, -131296224.0, -126696888.0, -122097552.0, -117498208.0]}, "gradients/layer1.weight": {"_type": "histogram", "values": [1.0, 0.0, 1.0, 1.0, 0.0, 1.0, 1.0, 1.0, 2.0, 3.0, 1.0, 4.0, 2.0, 6.0, 5.0, 6.0, 10.0, 9.0, 32.0, 75.0, 60.0, 66.0, 45.0, 51.0, 112.0, 109.0, 25.0, 112.0, 221.0, 196.0, 165.0, 22.0, 29.0, 151.0, 292.0, 61.0, 116.0, 447.0, 129.0, 29.0, 35.0, 440.0, 171.0, 81.0, 513.0, 114067.0, 1599.0, 43.0, 96.0, 184.0, 142.0, 91.0, 3.0, 4.0, 119.0, 101.0, 7.0, 8.0, 5.0, 5.0, 3.0, 1.0, 1.0, 2.0],