{"loss": 0.36817991733551025, "epoch": 1999, "_timestamp": 1655022391, "_runtime": 1642, "_step": 1999, "gradients/out.bias": {"_type": "histogram", "values": [0.0, 0.0, 0.0, 0.0, 0.0, 0.0, 0.0, 0.0, 0.0, 0.0, 0.0, 0.0, 0.0, 0.0, 0.0, 0.0, 0.0, 0.0, 0.0, 0.0, 0.0, 0.0, 0.0, 0.0, 0.0, 0.0, 0.0, 0.0, 0.0, 0.0, 0.0, 0.0, 1.0, 0.0, 0.0, 0.0, 0.0, 0.0, 0.0, 0.0, 0.0, 0.0, 0.0, 0.0, 0.0, 0.0, 0.0, 0.0, 0.0, 0.0, 0.0, 0.0, 0.0, 0.0, 0.0, 0.0, 0.0, 0.0, 0.0, 0.0, 0.0, 0.0, 0.0, 0.0], "bins": [59058.7890625, 59058.7890625, 59058.7890625, 59058.7890625, 59058.7890625, 59058.7890625, 59058.7890625, 59058.7890625, 59058.7890625, 59058.7890625, 59058.7890625, 59058.7890625, 59058.7890625, 59058.7890625, 59058.7890625, 59058.7890625, 59058.7890625, 59058.7890625, 59058.7890625, 59058.7890625, 59058.7890625, 59058.7890625, 59058.7890625, 59058.7890625, 59058.7890625, 59058.7890625, 59058.7890625, 59058.7890625, 59058.7890625, 59058.7890625, 59058.7890625, 59058.7890625, 59058.7890625, 59058.7890625, 59058.7890625, 59058.7890625, 59058.7890625, 59058.7890625, 59058.7890625, 59058.7890625, 59058.7890625, 59058.7890625, 59058.7890625, 59058.7890625, 59058.7890625, 59058.7890625, 59058.7890625, 59058.7890625, 59058.7890625, 59058.7890625, 59058.7890625, 59058.7890625, 59058.7890625, 59058.7890625, 59058.7890625, 59058.7890625, 59058.7890625, 59058.7890625, 59058.7890625, 59058.7890625, 59058.7890625, 59058.7890625, 59058.7890625, 59058.7890625, 59058.7890625]}, "gradients/out.weight": {"_type": "histogram", "values": [14.0, 0.0, 0.0, 0.0, 0.0, 1.0, 1.0, 0.0, 0.0, 0.0, 1.0, 0.0, 1.0, 0.0, 1.0, 2.0, 2.0, 0.0, 0.0, 0.0, 2.0, 1.0, 0.0, 1.0, 0.0, 0.0, 0.0, 0.0, 0.0, 0.0, 1.0, 0.0, 4.0, 1.0, 2.0, 2.0, 9.0, 1.0, 10.0, 0.0, 0.0, 1.0, 1.0, 0.0, 0.0, 0.0, 0.0, 1.0, 0.0, 0.0, 1.0, 0.0, 0.0, 0.0, 0.0, 0.0, 0.0, 0.0, 0.0, 1.0, 0.0, 0.0, 0.0, 2.0], "bins": [-17877100.0, 786442.0, 19449984.0, 38113524.0, 56777068.0, 75440608.0, 94104144.0, 112767696.0, 131431232.0, 150094768.0, 168758320.0, 187421856.0, 206085392.0, 224748944.0, 243412480.0, 262076016.0, 280739584.0, 299403136.0, 318066656.0, 336730208.0, 355393760.0, 374057280.0, 392720832.0, 411384384.0, 430047936.0, 448711456.0, 467375008.0, 486038528.0, 504702080.0, 523365632.0, 542029184.0, 560692736.0, 579356224.0, 598019776.0, 616683328.0, 635346816.0, 654010368.0, 672673920.0, 691337472.0, 710001024.0, 728664576.0, 747328128.0, 765991680.0, 784655168.0, 803318720.0, 821982272.0, 840645824.0, 859309312.0, 877972864.0, 896636416.0, 915299968.0, 933963520.0, 952627008.0, 971290560.0, 989954112.0, 1008617664.0, 1027281216.0, 1045944704.0, 1064608256.0, 1083271808.0, 1101935360.0, 1120598912.0, 1139262464.0, 1157926016.0, 1176589568.0]}, "gradients/layer2.bias": {"_type": "histogram", "values": [2.0, 1.0, 1.0, 0.0, 3.0, 1.0, 0.0, 0.0, 0.0, 0.0, 0.0, 0.0, 1.0, 0.0, 0.0, 1.0, 0.0, 0.0, 0.0, 1.0, 1.0, 1.0, 0.0, 0.0, 11.0, 0.0, 0.0, 0.0, 2.0, 0.0, 0.0, 1.0, 28.0, 2.0, 0.0, 1.0, 0.0, 0.0, 0.0, 0.0, 0.0, 2.0, 0.0, 0.0, 0.0, 0.0, 1.0, 0.0, 0.0, 0.0, 0.0, 1.0, 0.0, 0.0, 1.0, 0.0, 0.0, 0.0, 0.0, 0.0, 0.0, 0.0, 0.0, 1.0], "bins": [-3883427.5, -3725625.0, -3567822.75, -3410020.5, -3252218.0, -3094415.5, -2936613.25, -2778811.0, -2621008.5, -2463206.0, -2305403.75, -2147601.5, -1989799.0, -1831996.625, -1674194.25, -1516392.0, -1358589.5, -1200787.125, -1042984.75, -885182.375, -727380.0, -569577.625, -411775.25, -253972.875, -96170.5, 61631.875, 219434.25, 377236.625, 535039.0, 692841.375, 850643.75, 1008446.0, 1166248.0, 1324050.375, 1481852.75, 1639655.125, 1797457.5, 1955259.875, 2113062.25, 2270864.5, 2428667.0, 2586469.5, 2744271.75, 2902074.0, 3059876.5, 3217679.0, 3375481.25, 3533283.5, 3691086.0, 3848888.5, 4006690.75, 4164493.0, 4322295.5, 4480098.0, 4637900.0, 4795702.5, 4953505.0, 5111307.5, 5269110.0, 5426912.0, 5584714.5, 5742517.0, 5900319.0, 6058121.5, 6215924.0]}, "gradients/layer2.weight": {"_type": "histogram", "values": [1.0, 0.0, 0.0, 0.0, 0.0, 0.0, 0.0, 0.0, 2.0, 4.0, 11.0, 10.0, 16.0, 23.0, 25.0, 36.0, 31.0, 42.0, 35.0, 59.0, 65.0, 101.0, 156.0, 316.0, 688.0, 10259.0, 2579.0, 657.0, 505.0, 285.0, 261.0, 53.0, 31.0, 26.0, 18.0, 19.0, 17.0, 9.0, 7.0, 10.0, 3.0, 5.0, 4.0, 0.0, 0.0, 3.0, 3.0, 1.0, 0.0, 3.0, 0.0, 2.0, 0.0, 0.0, 0.0, 0.0, 1.0, 1.0, 0.0, 0.0, 0.0, 0.0, 0.0, 1.0], "bins": [-639426944.0, -614474368.0, -589521792.0, -564569280.0, -539616704.0, -514664128.0, -489711584.0, -464759040.0, -439806464.0, -414853888.0, -389901344.0, -364948800.0, -339996224.0, -315043648.0, -290091104.0, -265138560.0, -240185984.0, -215233424.0, -190280864.0, -165328304.0, -140375744.0, -115423184.0, -90470624.0, -65518064.0, -40565504.0, -15612944.0, 9339616.0, 34292160.0, 59244736.0, 84197312.0, 109149856.0, 134102400.0, 159054976.0, 184007536.0, 208960096.0, 233912656.0, 258865216.0, 283817792.0, 308770336.0, 333722880.0, 358675456.0, 383628032.0, 408580576.0, 433533120.0, 458485696.0, 483438272.0, 508390816.0, 533343360.0, 558295936.0, 583248512.0, 608201088.0, 633153600.0, 658106176.0, 683058752.0, 708011264.0, 732963840.0, 757916416.0, 782868992.0, 807821568.0, 832774080.0, 857726656.0, 882679232.0, 907631744.0, 932584320.0, 957536896.0]}, "gradients/layer1.bias": {"_type": "histogram", "values": [1.0, 0.0, 0.0, 0.0, 0.0, 0.0, 0.0, 0.0, 0.0, 0.0, 1.0, 0.0, 0.0, 0.0, 0.0, 0.0, 1.0, 0.0, 0.0, 1.0, 0.0, 0.0, 2.0, 2.0, 3.0, 2.0, 3.0, 2.0, 5.0, 1.0, 2.0, 4.0, 6.0, 6.0, 9.0, 12.0, 37.0, 15.0, 13.0, 18.0, 18.0, 15.0, 18.0, 12.0, 9.0, 7.0, 9.0, 7.0, 3.0, 3.0, 3.0, 0.0, 2.0, 1.0, 0.0, 1.0, 0.0, 0.0, 1.0, 0.0, 0.0, 0.0, 0.0, 1.0], "bins": [-1464231680.0, -1424623744.0, -1385015808.0, -1345407872.0, -1305799936.0, -1266191872.0, -1226584064.0, -1186976000.0, -1147368064.0, -1107760128.0, -1068152192.0, -1028544256.0, -988936320.0, -949328384.0, -909720384.0, -870112448.0, -830504512.0, -790896576.0, -751288640.0, -711680640.0, -672072704.0, -632464768.0, -592856832.0, -553248896.0, -513640928.0, -474032992.0, -434425024.0, -394817088.0, -355209152.0, -315601184.0, -275993216.0, -236385280.0, -196777408.0, -157169456.0, -117561512.0, -77953568.0, -38345616.0, 1262336.0, 40870272.0, 80478240.0, 120086176.0, 159694112.0, 199302080.0, 238910016.0, 278517952.0, 318125920.0, 357733888.0, 397341824.0, 436949760.0, 476557696.0, 516165664.0, 555773568.0, 595381568.0, 634989504.0, 674597440.0, 714205440.0, 753813376.0, 793421312.0, 833029248.0, 872637184.0, 912245120.0, 951853056.0, 991461056.0, 1031068992.0, 1070676928.0]}, "gradients/layer1.weight": {"_type": "histogram", "values": [2.0, 0.0, 0.0, 0.0, 0.0, 2.0, 0.0, 1.0, 0.0, 0.0, 0.0, 3.0, 1.0, 0.0, 1.0, 0.0, 2.0, 1.0, 1.0, 1.0, 2.0, 1.0, 0.0, 5.0, 8.0, 9.0, 7.0, 16.0, 13.0, 16.0, 17.0, 16.0, 31.0, 45.0, 63.0, 95.0, 139.0, 262.0, 737.0, 116717.0, 807.0, 343.0, 234.0, 160.0, 137.0, 103.0, 79.0, 66.0, 47.0, 29.0, 25.0, 22.0, 15.0, 16.0, 6.0, 7.0, 5.0, 1.0, 0.0, 2.0, 1.0, 0.0, 0.0, 1.0], "bins": [-3871868160.0, -3773780224.0, -3675692288.0, -3577604096.0, -3479516160.0, -3381428224.0, -3283340288.0, -3185252352.0, -3087164416.0, -2989076224.0, -2890988288.0, -2792900352.0, -2694812416.0, -2596724224.0, -2498636288.0, -2400548352.0, -2302460416.0, -2204372480.0, -2106284416.0, -2008196480.0, -1910108416.0, -1812020480.0, -1713932544.0, -1615844608.0, -1517756544.0, -1419668480.0, -1321580544.0, -1223492608.0, -1125404672.0, -1027316608.0, -929228672.0, -831140608.0, -733052928.0, -634964928.0, -536876928.0, -438788992.0, -340700992.0, -242612992.0, -144525056.0, -46437056.0, 51650944.0, 149738944.0, 247826944.0, 345914880.0, 444002816.0, 542090880.0, 640178816.0, 738266880.0, 836354816.0, 934442816.0, 1032530816.0, 1130618752.0, 1228706816.0, 1326794752.0, 1424882688.0, 1522970624.0, 1621058688.0, 1719146752.0, 1817234688.0, 1915322624.0, 2013410560.0, 2111498624.0, 2209586688.0, 2307674624.0, 2405762560.0]}, "_wandb": {"runtime": 1641}}