{"loss": 0.5250329971313477, "epoch": 31, "_timestamp": 1655016769, "_runtime": 35, "_step": 32, "gradients/out.bias": {"_type": "histogram", "values": [0.0, 0.0, 0.0, 0.0, 0.0, 0.0, 0.0, 0.0, 0.0, 0.0, 0.0, 0.0, 0.0, 0.0, 0.0, 0.0, 0.0, 0.0, 0.0, 0.0, 0.0, 0.0, 0.0, 0.0, 0.0, 0.0, 0.0, 0.0, 0.0, 0.0, 0.0, 0.0, 1.0, 0.0, 0.0, 0.0, 0.0, 0.0, 0.0, 0.0, 0.0, 0.0, 0.0, 0.0, 0.0, 0.0, 0.0, 0.0, 0.0, 0.0, 0.0, 0.0, 0.0, 0.0, 0.0, 0.0, 0.0, 0.0, 0.0, 0.0, 0.0, 0.0, 0.0, 0.0], "bins": [-7762.123046875, -7762.123046875, -7762.123046875, -7762.123046875, -7762.123046875, -7762.123046875, -7762.123046875, -7762.123046875, -7762.123046875, -7762.123046875, -7762.123046875, -7762.123046875, -7762.123046875, -7762.123046875, -7762.123046875, -7762.123046875, -7762.123046875, -7762.123046875, -7762.123046875, -7762.123046875, -7762.123046875, -7762.123046875, -7762.123046875, -7762.123046875, -7762.123046875, -7762.123046875, -7762.123046875, -7762.123046875, -7762.123046875, -7762.123046875, -7762.123046875, -7762.123046875, -7762.123046875, -7762.123046875, -7762.123046875, -7762.123046875, -7762.123046875, -7762.123046875, -7762.123046875, -7762.123046875, -7762.123046875, -7762.123046875, -7762.123046875, -7762.123046875, -7762.123046875, -7762.123046875, -7762.123046875, -7762.123046875, -7762.123046875, -7762.123046875, -7762.123046875, -7762.123046875, -7762.123046875, -7762.123046875, -7762.123046875, -7762.123046875, -7762.123046875, -7762.123046875, -7762.123046875, -7762.123046875, -7762.123046875, -7762.123046875, -7762.123046875, -7762.123046875, -7762.123046875]}, "gradients/out.weight": {"_type": "histogram", "values": [1.0, 0.0, 0.0, 0.0, 0.0, 0.0, 0.0, 0.0, 0.0, 0.0, 0.0, 0.0, 0.0, 1.0, 1.0, 24.0, 0.0, 0.0, 0.0, 0.0, 0.0, 0.0, 0.0, 0.0, 0.0, 0.0, 0.0, 0.0, 0.0, 0.0, 0.0, 0.0, 0.0, 0.0, 0.0, 0.0, 0.0, 0.0, 0.0, 0.0, 0.0, 0.0, 0.0, 0.0, 0.0, 0.0, 0.0, 2.0, 0.0, 0.0, 0.0, 0.0, 0.0, 0.0, 0.0, 1.0, 0.0, 0.0, 0.0, 1.0, 1.0, 2.0, 0.0, 30.0], "bins": [-569434944.0, -532834048.0, -496233152.0, -459632224.0, -423031328.0, -386430432.0, -349829504.0, -313228608.0, -276627712.0, -240026816.0, -203425920.0, -166824992.0, -130224096.0, -93623200.0, -57022272.0, -20421376.0, 16179520.0, 52780424.0, 89381328.0, 125982232.0, 162583136.0, 199184032.0, 235784944.0, 272385856.0, 308986752.0, 345587648.0, 382188544.0, 418789472.0, 455390368.0, 491991264.0, 528592192.0, 565193088.0, 601794048.0, 638394944.0, 674995840.0, 711596736.0, 748197632.0, 784798592.0, 821399488.0, 858000384.0, 894601280.0, 931202176.0, 967803072.0, 1004403968.0, 1041004928.0, 1077605760.0, 1114206720.0, 1150807552.0, 1187408512.0, 1224009472.0, 1260610304.0, 1297211264.0, 1333812096.0, 1370413056.0, 1407013888.0, 1443614848.0, 1480215808.0, 1516816640.0, 1553417472.0, 1590018432.0, 1626619392.0, 1663220224.0, 1699821184.0, 1736422144.0, 1773022976.0]}, "gradients/layer2.bias": {"_type": "histogram", "values": [1.0, 0.0, 0.0, 0.0, 0.0, 0.0, 0.0, 0.0, 0.0, 0.0, 0.0, 0.0, 0.0, 0.0, 0.0, 0.0, 0.0, 0.0, 0.0, 0.0, 0.0, 0.0, 0.0, 0.0, 0.0, 0.0, 0.0, 0.0, 0.0, 0.0, 0.0, 0.0, 0.0, 0.0, 0.0, 0.0, 0.0, 0.0, 0.0, 0.0, 0.0, 0.0, 0.0, 0.0, 0.0, 0.0, 0.0, 0.0, 0.0, 1.0, 0.0, 0.0, 0.0, 0.0, 0.0, 0.0, 0.0, 1.0, 0.0, 0.0, 0.0, 34.0, 3.0, 24.0], "bins": [-1391907.875, -1370159.375, -1348410.75, -1326662.25, -1304913.625, -1283165.125, -1261416.5, -1239668.0, -1217919.375, -1196170.875, -1174422.25, -1152673.75, -1130925.125, -1109176.625, -1087428.0, -1065679.5, -1043930.875, -1022182.3125, -1000433.75, -978685.1875, -956936.625, -935188.0625, -913439.5, -891690.9375, -869942.375, -848193.8125, -826445.25, -804696.6875, -782948.125, -761199.625, -739451.0, -717702.5, -695953.9375, -674205.375, -652456.8125, -630708.25, -608959.6875, -587211.125, -565462.5625, -543714.0, -521965.4375, -500216.875, -478468.3125, -456719.75, -434971.21875, -413222.65625, -391474.09375, -369725.53125, -347976.96875, -326228.40625, -304479.84375, -282731.28125, -260982.71875, -239234.15625, -217485.609375, -195737.046875, -173988.484375, -152239.921875, -130491.359375, -108742.796875, -86994.25, -65245.6875, -43497.125, -21748.5625, 0.0]}, "gradients/layer2.weight": {"_type": "histogram", "values": [1.0, 1.0, 2.0, 3.0, 5.0, 6.0, 4.0, 11.0, 3.0, 5.0, 4.0, 6.0, 3.0, 2.0, 3.0, 4.0, 2.0, 3.0, 0.0, 3.0, 2.0, 5.0, 2.0, 4.0, 5.0, 3.0, 2.0, 4.0, 6.0, 2.0, 2.0, 4.0, 2.0, 2.0, 3.0, 1.0, 3.0, 3.0, 5.0, 4.0, 15.0, 29.0, 20.0, 22.0, 21.0, 26.0, 30.0, 64.0, 49.0, 69.0, 80.0, 6306.0, 46.0, 54.0, 59.0, 45.0, 367.0, 838.0, 1277.0, 1253.0, 995.0, 1501.0, 2216.0, 867.0], "bins": [-40919164.0, -40129776.0, -39340392.0, -38551004.0, -37761616.0, -36972232.0, -36182844.0, -35393460.0, -34604072.0, -33814684.0, -33025300.0, -32235912.0, -31446526.0, -30657140.0, -29867752.0, -29078366.0, -28288980.0, -27499594.0, -26710208.0, -25920820.0, -25131434.0, -24342048.0, -23552660.0, -22763274.0, -21973888.0, -21184502.0, -20395116.0, -19605728.0, -18816342.0, -18026956.0, -17237568.0, -16448182.0, -15658794.0, -14869408.0, -14080021.0, -13290634.0, -12501248.0, -11711862.0, -10922475.0, -10133088.0, -9343702.0, -8554316.0, -7764929.0, -6975542.0, -6186156.0, -5396770.0, -4607383.0, -3817996.0, -3028610.0, -2239223.5, -1449837.0, -660450.5, 128936.0, 918322.5, 1707709.0, 2497095.5, 3286482.0, 4075868.5, 4865255.0, 5654642.0, 6444028.0, 7233414.0, 8022801.0, 8812188.0, 9601574.0]}, "gradients/layer1.bias": {"_type": "histogram", "values": [1.0, 3.0, 1.0, 1.0, 2.0, 3.0, 2.0, 7.0, 3.0, 1.0, 4.0, 5.0, 2.0, 4.0, 8.0, 12.0, 17.0, 27.0, 23.0, 27.0, 32.0, 18.0, 11.0, 12.0, 1.0, 0.0, 0.0, 0.0, 0.0, 0.0, 0.0, 0.0, 0.0, 0.0, 0.0, 0.0, 0.0, 0.0, 0.0, 0.0, 0.0, 0.0, 0.0, 0.0, 0.0, 0.0, 0.0, 0.0, 0.0, 0.0, 0.0, 0.0, 0.0, 0.0, 0.0, 0.0, 1.0, 6.0, 6.0, 1.0, 5.0, 9.0, 0.0, 1.0], "bins": [-24055236.0, -21827914.0, -19600592.0, -17373272.0, -15145950.0, -12918628.0, -10691307.0, -8463986.0, -6236664.0, -4009342.0, -1782020.0, 445300.0, 2672622.0, 4899944.0, 7127264.0, 9354586.0, 11581908.0, 13809230.0, 16036551.0, 18263872.0, 20491194.0, 22718516.0, 24945836.0, 27173158.0, 29400480.0, 31627802.0, 33855124.0, 36082444.0, 38309768.0, 40537088.0, 42764408.0, 44991728.0, 47219056.0, 49446376.0, 51673700.0, 53901020.0, 56128344.0, 58355664.0, 60582984.0, 62810304.0, 65037628.0, 67264952.0, 69492272.0, 71719592.0, 73946912.0, 76174240.0, 78401552.0, 80628880.0, 82856200.0, 85083520.0, 87310840.0, 89538168.0, 91765488.0, 93992808.0, 96220128.0, 98447448.0, 100674768.0, 102902096.0, 105129416.0, 107356736.0, 109584056.0, 111811376.0, 114038704.0, 116266024.0, 118493344.0]}, "gradients/layer1.weight": {"_type": "histogram", "values": [1.0, 1.0, 3.0, 4.0, 0.0, 4.0, 3.0, 4.0, 4.0, 13.0, 9.0, 16.0, 17.0, 21.0, 19.0, 22.0, 47.0, 74.0, 97.0, 41.0, 90.0, 194.0, 224.0, 338.0, 327.0, 438.0, 344.0, 80.0, 33.0, 110.0, 178.0, 701.0, 113357.0, 1816.0, 573.0, 164.0, 16.0, 20.0, 17.0, 156.0, 261.0, 195.0, 87.0, 79.0, 59.0, 28.0, 3.0, 2.0, 1.0, 0.0, 0.0, 0.0, 0.0, 0.0, 0.0, 0.0, 0.0, 0.0, 0.0, 1.0, 7.0, 6.0, 14.0, 1.0], "bins": [-327736896.0, -317695136.0, -307653344.0, -297611584.0, -287569792.0, -277528032.0, -267486256.0, -257444480.0, -247402720.0, -237360928.0, -227319168.0, -217277392.0, -207235616.0, -197193856.0, -187152080.0, -177110304.0, -167068528.0, -157026752.0, -146984976.0, -136943200.0, -126901440.0, -116859664.0, -106817888.0, -96776120.0, -86734344.0, -76692568.0, -66650800.0, -56609024.0, -46567248.0, -36525480.0, -26483712.0, -16441936.0, -6400160.0, 3641613.0, 13683386.0, 23725160.0, 33766932.0, 43808704.0, 53850480.0, 63892248.0, 73934024.0, 83975800.0, 94017568.0, 104059344.0, 114101120.0, 124142888.0, 134184656.0, 144226432.0, 154268208.0, 164309984.0, 174351760.0, 184393536.0, 194435296.0, 204477072.0, 214518848.0, 224560608.0, 234602400.0, 244644160.0, 254685936.0, 264727712.0, 274769472.0, 284811264.0, 294853024.0, 304894784.0, 314936576.0]}, "_wandb": {"runtime": 34}}