{"loss": 0.38204067945480347, "epoch": 58, "_timestamp": 1655017094, "_runtime": 52, "_step": 59, "gradients/out.bias": {"_type": "histogram", "values": [0.0, 0.0, 0.0, 0.0, 0.0, 0.0, 0.0, 0.0, 0.0, 0.0, 0.0, 0.0, 0.0, 0.0, 0.0, 0.0, 0.0, 0.0, 0.0, 0.0, 0.0, 0.0, 0.0, 0.0, 0.0, 0.0, 0.0, 0.0, 0.0, 0.0, 0.0, 0.0, 1.0, 0.0, 0.0, 0.0, 0.0, 0.0, 0.0, 0.0, 0.0, 0.0, 0.0, 0.0, 0.0, 0.0, 0.0, 0.0, 0.0, 0.0, 0.0, 0.0, 0.0, 0.0, 0.0, 0.0, 0.0, 0.0, 0.0, 0.0, 0.0, 0.0, 0.0, 0.0], "bins": [-6665.8154296875, -6665.8154296875, -6665.8154296875, -6665.8154296875, -6665.8154296875, -6665.8154296875, -6665.8154296875, -6665.8154296875, -6665.8154296875, -6665.8154296875, -6665.8154296875, -6665.8154296875, -6665.8154296875, -6665.8154296875, -6665.8154296875, -6665.8154296875, -6665.8154296875, -6665.8154296875, -6665.8154296875, -6665.8154296875, -6665.8154296875, -6665.8154296875, -6665.8154296875, -6665.8154296875, -6665.8154296875, -6665.8154296875, -6665.8154296875, -6665.8154296875, -6665.8154296875, -6665.8154296875, -6665.8154296875, -6665.8154296875, -6665.8154296875, -6665.8154296875, -6665.8154296875, -6665.8154296875, -6665.8154296875, -6665.8154296875, -6665.8154296875, -6665.8154296875, -6665.8154296875, -6665.8154296875, -6665.8154296875, -6665.8154296875, -6665.8154296875, -6665.8154296875, -6665.8154296875, -6665.8154296875, -6665.8154296875, -6665.8154296875, -6665.8154296875, -6665.8154296875, -6665.8154296875, -6665.8154296875, -6665.8154296875, -6665.8154296875, -6665.8154296875, -6665.8154296875, -6665.8154296875, -6665.8154296875, -6665.8154296875, -6665.8154296875, -6665.8154296875, -6665.8154296875, -6665.8154296875]}, "gradients/out.weight": {"_type": "histogram", "values": [34.0, 1.0, 2.0, 1.0, 0.0, 1.0, 0.0, 0.0, 0.0, 0.0, 0.0, 0.0, 0.0, 0.0, 0.0, 0.0, 0.0, 0.0, 0.0, 0.0, 0.0, 0.0, 0.0, 0.0, 0.0, 0.0, 0.0, 0.0, 0.0, 0.0, 0.0, 0.0, 0.0, 0.0, 0.0, 0.0, 0.0, 0.0, 0.0, 0.0, 0.0, 0.0, 0.0, 0.0, 23.0, 0.0, 0.0, 0.0, 0.0, 0.0, 0.0, 0.0, 0.0, 0.0, 0.0, 0.0, 0.0, 0.0, 0.0, 0.0, 0.0, 0.0, 0.0, 2.0], "bins": [-165645632.0, -161912128.0, -158178624.0, -154445120.0, -150711600.0, -146978096.0, -143244592.0, -139511088.0, -135777584.0, -132044072.0, -128310568.0, -124577056.0, -120843552.0, -117110048.0, -113376544.0, -109643040.0, -105909528.0, -102176024.0, -98442512.0, -94709008.0, -90975504.0, -87242000.0, -83508488.0, -79774984.0, -76041472.0, -72307968.0, -68574464.0, -64840956.0, -61107448.0, -57373944.0, -53640436.0, -49906932.0, -46173424.0, -42439916.0, -38706412.0, -34972904.0, -31239398.0, -27505892.0, -23772384.0, -20038878.0, -16305372.0, -12571864.0, -8838360.0, -5104852.0, -1371344.0, 2362160.0, 6095668.0, 9829172.0, 13562680.0, 17296186.0, 21029692.0, 24763200.0, 28496706.0, 32230212.0, 35963720.0, 39697224.0, 43430732.0, 47164240.0, 50897744.0, 54631252.0, 58364760.0, 62098264.0, 65831772.0, 69565280.0, 73298784.0]}, "gradients/layer2.bias": {"_type": "histogram", "values": [1.0, 0.0, 0.0, 22.0, 13.0, 2.0, 1.0, 1.0, 0.0, 1.0, 0.0, 0.0, 0.0, 0.0, 0.0, 0.0, 0.0, 0.0, 0.0, 0.0, 0.0, 0.0, 0.0, 0.0, 0.0, 0.0, 0.0, 0.0, 0.0, 0.0, 0.0, 0.0, 0.0, 0.0, 0.0, 0.0, 0.0, 0.0, 0.0, 0.0, 0.0, 0.0, 0.0, 0.0, 0.0, 0.0, 0.0, 0.0, 0.0, 0.0, 0.0, 0.0, 0.0, 0.0, 0.0, 0.0, 0.0, 0.0, 0.0, 0.0, 0.0, 0.0, 0.0, 23.0], "bins": [-54153.46875, -53307.3203125, -52461.171875, -51615.0234375, -50768.875, -49922.73046875, -49076.58203125, -48230.43359375, -47384.28515625, -46538.13671875, -45691.98828125, -44845.84375, -43999.6953125, -43153.546875, -42307.3984375, -41461.25, -40615.1015625, -39768.953125, -38922.8046875, -38076.65625, -37230.5078125, -36384.36328125, -35538.21484375, -34692.06640625, -33845.91796875, -32999.76953125, -32153.62109375, -31307.474609375, -30461.326171875, -29615.177734375, -28769.03125, -27922.8828125, -27076.734375, -26230.5859375, -25384.4375, -24538.291015625, -23692.142578125, -22845.994140625, -21999.84765625, -21153.69921875, -20307.55078125, -19461.40234375, -18615.25390625, -17769.107421875, -16922.958984375, -16076.810546875, -15230.6630859375, -14384.515625, -13538.3671875, -12692.21875, -11846.0712890625, -10999.923828125, -10153.775390625, -9307.626953125, -8461.4794921875, -7615.33154296875, -6769.18359375, -5923.03564453125, -5076.8876953125, -4230.740234375, -3384.591796875, -2538.443359375, -1692.2958984375, -846.1484375, 0.0]}, "gradients/layer2.weight": {"_type": "histogram", "values": [38.0, 1.0, 106.0, 230.0, 520.0, 1361.0, 4387.0, 1534.0, 280.0, 161.0, 40.0, 218.0, 75.0, 6098.0, 237.0, 194.0, 218.0, 112.0, 205.0, 35.0, 86.0, 43.0, 89.0, 30.0, 1.0, 3.0, 2.0, 0.0, 2.0, 0.0, 1.0, 1.0, 2.0, 2.0, 0.0, 1.0, 2.0, 2.0, 5.0, 3.0, 3.0, 0.0, 1.0, 1.0, 0.0, 1.0, 1.0, 2.0, 0.0, 5.0, 2.0, 4.0, 2.0, 4.0, 5.0, 4.0, 7.0, 4.0, 2.0, 2.0, 4.0, 1.0, 1.0, 3.0], "bins": [-1496415.875, -1383504.75, -1270593.5, -1157682.375, -1044771.1875, -931860.0, -818948.875, -706037.6875, -593126.5, -480215.3125, -367304.125, -254393.0, -141481.875, -28570.625, 84340.5, 197251.75, 310162.875, 423074.0625, 535985.25, 648896.375, 761807.5625, 874718.75, 987629.875, 1100541.0, 1213452.25, 1326363.5, 1439274.625, 1552185.75, 1665096.875, 1778008.125, 1890919.25, 2003830.5, 2116741.5, 2229652.75, 2342563.75, 2455475.0, 2568386.25, 2681297.5, 2794208.5, 2907119.75, 3020031.0, 3132942.0, 3245853.25, 3358764.5, 3471675.5, 3584586.75, 3697498.0, 3810409.0, 3923320.25, 4036231.5, 4149142.5, 4262054.0, 4374965.0, 4487876.0, 4600787.0, 4713698.5, 4826609.5, 4939521.0, 5052432.0, 5165343.0, 5278254.0, 5391165.5, 5504076.5, 5616988.0, 5729899.0]}, "gradients/layer1.bias": {"_type": "histogram", "values": [1.0, 0.0, 2.0, 2.0, 6.0, 2.0, 6.0, 1.0, 4.0, 26.0, 52.0, 6.0, 11.0, 37.0, 7.0, 12.0, 23.0, 3.0, 1.0, 2.0, 3.0, 0.0, 4.0, 2.0, 4.0, 5.0, 0.0, 2.0, 2.0, 1.0, 0.0, 0.0, 2.0, 1.0, 4.0, 4.0, 1.0, 3.0, 0.0, 0.0, 1.0, 2.0, 1.0, 1.0, 2.0, 0.0, 0.0, 0.0, 0.0, 0.0, 0.0, 3.0, 0.0, 0.0, 1.0, 1.0, 0.0, 0.0, 0.0, 0.0, 1.0, 0.0, 0.0, 1.0], "bins": [-18263416.0, -17448384.0, -16633352.0, -15818320.0, -15003288.0, -14188256.0, -13373224.0, -12558192.0, -11743160.0, -10928128.0, -10113096.0, -9298064.0, -8483032.0, -7668000.0, -6852968.0, -6037936.0, -5222904.0, -4407872.0, -3592840.0, -2777808.0, -1962776.0, -1147744.0, -332712.0, 482320.0, 1297352.0, 2112384.0, 2927416.0, 3742448.0, 4557480.0, 5372512.0, 6187544.0, 7002576.0, 7817608.0, 8632640.0, 9447672.0, 10262704.0, 11077736.0, 11892768.0, 12707800.0, 13522832.0, 14337864.0, 15152896.0, 15967928.0, 16782960.0, 17597992.0, 18413024.0, 19228056.0, 20043088.0, 20858120.0, 21673152.0, 22488184.0, 23303216.0, 24118248.0, 24933280.0, 25748312.0, 26563344.0, 27378376.0, 28193408.0, 29008440.0, 29823472.0, 30638504.0, 31453536.0, 32268568.0, 33083600.0, 33898632.0]}, "gradients/layer1.weight": {"_type": "histogram", "values": [4.0, 0.0, 1.0, 1.0, 2.0, 0.0, 0.0, 4.0, 0.0, 1.0, 7.0, 0.0, 0.0, 1.0, 0.0, 3.0, 3.0, 4.0, 5.0, 15.0, 9.0, 20.0, 19.0, 11.0, 7.0, 19.0, 36.0, 54.0, 81.0, 107.0, 247.0, 306.0, 342.0, 226.0, 224.0, 226.0, 547.0, 643.0, 911.0, 114613.0, 667.0, 218.0, 180.0, 163.0, 82.0, 49.0, 37.0, 34.0, 33.0, 37.0, 11.0, 21.0, 21.0, 16.0, 12.0, 10.0, 2.0, 4.0, 5.0, 4.0, 3.0, 4.0, 1.0, 7.0], "bins": [-152152384.0, -148284736.0, -144417072.0, -140549424.0, -136681760.0, -132814112.0, -128946456.0, -125078800.0, -121211144.0, -117343488.0, -113475832.0, -109608176.0, -105740528.0, -101872864.0, -98005216.0, -94137560.0, -90269904.0, -86402248.0, -82534592.0, -78666936.0, -74799280.0, -70931632.0, -67063976.0, -63196320.0, -59328664.0, -55461008.0, -51593352.0, -47725700.0, -43858044.0, -39990388.0, -36122736.0, -32255080.0, -28387432.0, -24519776.0, -20652122.0, -16784468.0, -12916812.0, -9049156.0, -5181502.0, -1313848.0, 2553808.0, 6421464.0, 10289120.0, 14156772.0, 18024428.0, 21892084.0, 25759736.0, 29627392.0, 33495048.0, 37362704.0, 41230360.0, 45098012.0, 48965668.0, 52833324.0, 56700976.0, 60568632.0, 64436288.0, 68303944.0, 72171600.0, 76039248.0, 79906912.0, 83774560.0, 87642216.0, 91509872.0, 95377528.0]},