{"loss": 0.6634365320205688, "epoch": 1999, "_timestamp": 1654976916, "_runtime": 1492, "_step": 1999, "gradients/out.bias": {"_type": "histogram", "values": [0.0, 0.0, 0.0, 0.0, 0.0, 0.0, 0.0, 0.0, 0.0, 0.0, 0.0, 0.0, 0.0, 0.0, 0.0, 0.0, 0.0, 0.0, 0.0, 0.0, 0.0, 0.0, 0.0, 0.0, 0.0, 0.0, 0.0, 0.0, 0.0, 0.0, 0.0, 0.0, 1.0, 0.0, 0.0, 0.0, 0.0, 0.0, 0.0, 0.0, 0.0, 0.0, 0.0, 0.0, 0.0, 0.0, 0.0, 0.0, 0.0, 0.0, 0.0, 0.0, 0.0, 0.0, 0.0, 0.0, 0.0, 0.0, 0.0, 0.0, 0.0, 0.0, 0.0, 0.0], "bins": [9749.01953125, 9749.01953125, 9749.01953125, 9749.01953125, 9749.01953125, 9749.01953125, 9749.01953125, 9749.01953125, 9749.01953125, 9749.01953125, 9749.01953125, 9749.01953125, 9749.01953125, 9749.01953125, 9749.01953125, 9749.01953125, 9749.01953125, 9749.01953125, 9749.01953125, 9749.01953125, 9749.01953125, 9749.01953125, 9749.01953125, 9749.01953125, 9749.01953125, 9749.01953125, 9749.01953125, 9749.01953125, 9749.01953125, 9749.01953125, 9749.01953125, 9749.01953125, 9749.01953125, 9749.01953125, 9749.01953125, 9749.01953125, 9749.01953125, 9749.01953125, 9749.01953125, 9749.01953125, 9749.01953125, 9749.01953125, 9749.01953125, 9749.01953125, 9749.01953125, 9749.01953125, 9749.01953125, 9749.01953125, 9749.01953125, 9749.01953125, 9749.01953125, 9749.01953125, 9749.01953125, 9749.01953125, 9749.01953125, 9749.01953125, 9749.01953125, 9749.01953125, 9749.01953125, 9749.01953125, 9749.01953125, 9749.01953125, 9749.01953125, 9749.01953125, 9749.01953125]}, "gradients/out.weight": {"_type": "histogram", "values": [1.0, 0.0, 0.0, 0.0, 0.0, 0.0, 0.0, 0.0, 0.0, 0.0, 0.0, 0.0, 0.0, 0.0, 0.0, 0.0, 0.0, 0.0, 0.0, 0.0, 0.0, 0.0, 0.0, 0.0, 1.0, 0.0, 0.0, 0.0, 0.0, 1.0, 0.0, 0.0, 0.0, 0.0, 0.0, 0.0, 0.0, 0.0, 0.0, 0.0, 0.0, 1.0, 0.0, 1.0, 2.0, 1.0, 2.0, 1.0, 2.0, 2.0, 0.0, 0.0, 0.0, 0.0, 0.0, 0.0, 11.0, 0.0, 1.0, 30.0, 3.0, 2.0, 1.0, 1.0], "bins": [-1188709376.0, -1167604352.0, -1146499328.0, -1125394176.0, -1104289152.0, -1083184128.0, -1062079040.0, -1040974016.0, -1019868928.0, -998763904.0, -977658880.0, -956553792.0, -935448768.0, -914343680.0, -893238656.0, -872133632.0, -851028544.0, -829923520.0, -808818432.0, -787713408.0, -766608320.0, -745503296.0, -724398208.0, -703293184.0, -682188160.0, -661083072.0, -639977984.0, -618872960.0, -597767936.0, -576662912.0, -555557824.0, -534452768.0, -513347712.0, -492242656.0, -471137600.0, -450032544.0, -428927488.0, -407822464.0, -386717408.0, -365612352.0, -344507296.0, -323402240.0, -302297184.0, -281192128.0, -260087088.0, -238982048.0, -217876992.0, -196771936.0, -175666864.0, -154561808.0, -133456760.0, -112351712.0, -91246656.0, -70141600.0, -49036552.0, -27931504.0, -6826448.0, 14278608.0, 35383664.0, 56488704.0, 77593760.0, 98698800.0, 119803856.0, 140908912.0, 162013968.0]}, "gradients/layer2.bias": {"_type": "histogram", "values": [1.0, 1.0, 0.0, 0.0, 1.0, 0.0, 0.0, 2.0, 2.0, 3.0, 1.0, 0.0, 0.0, 1.0, 0.0, 0.0, 0.0, 0.0, 0.0, 1.0, 0.0, 1.0, 8.0, 0.0, 0.0, 0.0, 0.0, 1.0, 30.0, 0.0, 0.0, 3.0, 2.0, 0.0, 1.0, 0.0, 1.0, 1.0, 1.0, 0.0, 0.0, 1.0, 0.0, 0.0, 0.0, 0.0, 0.0, 0.0, 0.0, 0.0, 0.0, 0.0, 0.0, 0.0, 0.0, 0.0, 0.0, 0.0, 0.0, 0.0, 0.0, 0.0, 0.0, 1.0], "bins": [-950393.4375, -907648.9375, -864904.375, -822159.875, -779415.3125, -736670.8125, -693926.25, -651181.75, -608437.25, -565692.6875, -522948.15625, -480203.625, -437459.125, -394714.5625, -351970.0625, -309225.5, -266481.0, -223736.46875, -180991.9375, -138247.421875, -95502.890625, -52758.359375, -10013.84375, 32730.6875, 75475.21875, 118219.75, 160964.28125, 203708.8125, 246453.3125, 289197.875, 331942.375, 374686.9375, 417431.5, 460176.03125, 502920.5625, 545665.0625, 588409.625, 631154.125, 673898.625, 716643.1875, 759387.75, 802132.25, 844876.75, 887621.3125, 930365.8125, 973110.375, 1015854.875, 1058599.5, 1101344.0, 1144088.5, 1186833.0, 1229577.625, 1272322.125, 1315066.625, 1357811.125, 1400555.75, 1443300.25, 1486044.75, 1528789.25, 1571533.75, 1614278.25, 1657022.875, 1699767.375, 1742512.0, 1785256.375]}, "gradients/layer2.weight": {"_type": "histogram", "values": [1.0, 0.0, 0.0, 0.0, 0.0, 0.0, 0.0, 0.0, 0.0, 0.0, 0.0, 0.0, 0.0, 0.0, 0.0, 0.0, 0.0, 0.0, 0.0, 0.0, 1.0, 0.0, 1.0, 1.0, 0.0, 0.0, 3.0, 0.0, 0.0, 0.0, 1.0, 2.0, 3.0, 3.0, 3.0, 3.0, 34.0, 10.0, 13.0, 86.0, 162.0, 522.0, 14197.0, 1007.0, 150.0, 58.0, 35.0, 29.0, 17.0, 17.0, 8.0, 1.0, 3.0, 1.0, 1.0, 5.0, 1.0, 2.0, 0.0, 0.0, 2.0, 0.0, 0.0, 1.0], "bins": [-2336997632.0, -2282308608.0, -2227619840.0, -2172930816.0, -2118242048.0, -2063553024.0, -2008864128.0, -1954175232.0, -1899486336.0, -1844797440.0, -1790108544.0, -1735419648.0, -1680730624.0, -1626041856.0, -1571352832.0, -1516663936.0, -1461975040.0, -1407286144.0, -1352597248.0, -1297908352.0, -1243219456.0, -1188530432.0, -1133841536.0, -1079152640.0, -1024463744.0, -969774848.0, -915085952.0, -860396992.0, -805708096.0, -751019200.0, -696330240.0, -641641344.0, -586952448.0, -532263552.0, -477574624.0, -422885696.0, -368196800.0, -313507904.0, -258818976.0, -204130048.0, -149441152.0, -94752256.0, -40063360.0, 14625600.0, 69314496.0, 124003392.0, 178692352.0, 233381248.0, 288070144.0, 342759040.0, 397447968.0, 452136896.0, 506825792.0, 561514688.0, 616203648.0, 670892544.0, 725581440.0, 780270336.0, 834959232.0, 889648192.0, 944337088.0, 999025984.0, 1053714944.0, 1108403840.0, 1163092736.0]}, "gradients/layer1.bias": {"_type": "histogram", "values": [1.0, 0.0, 0.0, 0.0, 0.0, 0.0, 0.0, 0.0, 0.0, 0.0, 0.0, 0.0, 1.0, 0.0, 1.0, 0.0, 1.0, 0.0, 0.0, 1.0, 1.0, 0.0, 0.0, 1.0, 0.0, 2.0, 4.0, 3.0, 2.0, 4.0, 3.0, 7.0, 7.0, 8.0, 10.0, 11.0, 104.0, 4.0, 12.0, 8.0, 13.0, 10.0, 7.0, 4.0, 7.0, 1.0, 3.0, 3.0, 0.0, 2.0, 1.0, 0.0, 1.0, 2.0, 1.0, 1.0, 1.0, 0.0, 1.0, 0.0, 1.0, 0.0, 0.0, 1.0], "bins": [-846540160.0, -823448704.0, -800357248.0, -777265792.0, -754174336.0, -731082944.0, -707991488.0, -684900032.0, -661808576.0, -638717120.0, -615625664.0, -592534272.0, -569442816.0, -546351360.0, -523259904.0, -500168448.0, -477076992.0, -453985536.0, -430894080.0, -407802656.0, -384711200.0, -361619744.0, -338528320.0, -315436864.0, -292345408.0, -269253952.0, -246162512.0, -223071072.0, -199979616.0, -176888160.0, -153796736.0, -130705280.0, -107613824.0, -84522376.0, -61430928.0, -38339480.0, -15248032.0, 7843416.0, 30934864.0, 54026304.0, 77117760.0, 100209216.0, 123300656.0, 146392096.0, 169483552.0, 192575008.0, 215666432.0, 238757888.0, 261849344.0, 284940800.0, 308032256.0, 331123680.0, 354215136.0, 377306592.0, 400398016.0, 423489472.0, 446580928.0, 469672384.0, 492763840.0, 515855264.0, 538946688.0, 562038144.0, 585129600.0, 608221056.0, 631312512.0]}, "gradients/layer1.weight": {"_type": "histogram", "values": [1.0, 0.0, 1.0, 0.0, 0.0, 1.0, 0.0, 0.0, 0.0, 0.0, 0.0, 0.0, 0.0, 0.0, 0.0, 0.0, 1.0, 0.0, 3.0, 3.0, 8.0, 5.0, 9.0, 6.0, 17.0, 31.0, 68.0, 185.0, 646.0, 118478.0, 604.0, 128.0, 53.0, 29.0, 10.0, 6.0, 3.0, 6.0, 1.0, 2.0, 5.0, 1.0, 2.0, 0.0, 1.0, 1.0, 0.0, 0.0, 3.0, 0.0, 0.0, 0.0, 0.0, 1.0, 0.0, 0.0, 0.0, 0.0, 0.0, 0.0, 0.0, 0.0, 0.0, 1.0], "bins": [-5851447296.0, -5652378112.0, -5453309440.0, -5254240256.0, -5055171584.0, -4856102400.0, -4657033216.0, -4457964544.0, -4258895616.0, -4059826688.0, -3860757760.0, -3661688832.0, -3462619648.0, -3263550720.0, -3064481792.0, -2865412864.0, -2666343936.0, -2467275008.0, -2268206080.0, -2069137024.0, -1870068096.0, -1670999168.0, -1471930112.0, -1272861184.0, -1073792256.0, -874723328.0, -675654400.0, -476585472.0, -277516288.0, -78447360.0, 120621568.0, 319690496.0, 518759424.0, 717828352.0, 916897344.0, 1115966336.0, 1315035264.0, 1514104192.0, 1713173248.0, 1912242176.0, 2111311104.0, 2310380032.0, 2509448960.0, 2708517888.0, 2907587072.0, 3106656000.0, 3305724928.0, 3504793856.0, 3703862784.0, 3902931712.0, 4102000640.0, 4301069824.0, 4500138496.0, 4699207680.0, 4898276352.0, 5097345536.0, 5296414720.0, 5495483392.0, 5694552064.0, 5893621248.0, 6092690432.0, 6291759104.0, 6490828288.0, 6689897472.0, 6888966144.0]}, "_wandb": {"runtime": 1490}}