{"loss": 0.7546101808547974, "epoch": 1999, "_timestamp": 1655019617, "_runtime": 1628, "_step": 1999, "gradients/graph_1out.bias": {"_type": "histogram", "values": [0.0, 0.0, 0.0, 0.0, 0.0, 0.0, 0.0, 0.0, 0.0, 0.0, 0.0, 0.0, 0.0, 0.0, 0.0, 0.0, 0.0, 0.0, 0.0, 0.0, 0.0, 0.0, 0.0, 0.0, 0.0, 0.0, 0.0, 0.0, 0.0, 0.0, 0.0, 0.0, 1.0, 0.0, 0.0, 0.0, 0.0, 0.0, 0.0, 0.0, 0.0, 0.0, 0.0, 0.0, 0.0, 0.0, 0.0, 0.0, 0.0, 0.0, 0.0, 0.0, 0.0, 0.0, 0.0, 0.0, 0.0, 0.0, 0.0, 0.0, 0.0, 0.0, 0.0, 0.0], "bins": [-67588.3671875, -67588.3671875, -67588.3671875, -67588.3671875, -67588.3671875, -67588.3671875, -67588.3671875, -67588.3671875, -67588.3671875, -67588.3671875, -67588.3671875, -67588.3671875, -67588.3671875, -67588.3671875, -67588.3671875, -67588.3671875, -67588.3671875, -67588.3671875, -67588.3671875, -67588.3671875, -67588.3671875, -67588.3671875, -67588.3671875, -67588.3671875, -67588.3671875, -67588.3671875, -67588.3671875, -67588.3671875, -67588.3671875, -67588.3671875, -67588.3671875, -67588.3671875, -67588.3671875, -67588.3671875, -67588.3671875, -67588.3671875, -67588.3671875, -67588.3671875, -67588.3671875, -67588.3671875, -67588.3671875, -67588.3671875, -67588.3671875, -67588.3671875, -67588.3671875, -67588.3671875, -67588.3671875, -67588.3671875, -67588.3671875, -67588.3671875, -67588.3671875, -67588.3671875, -67588.3671875, -67588.3671875, -67588.3671875, -67588.3671875, -67588.3671875, -67588.3671875, -67588.3671875, -67588.3671875, -67588.3671875, -67588.3671875, -67588.3671875, -67588.3671875, -67588.3671875]}, "gradients/graph_1out.weight": {"_type": "histogram", "values": [1.0, 0.0, 0.0, 0.0, 0.0, 0.0, 0.0, 1.0, 0.0, 0.0, 0.0, 0.0, 0.0, 0.0, 0.0, 0.0, 0.0, 0.0, 0.0, 1.0, 1.0, 0.0, 0.0, 0.0, 0.0, 0.0, 0.0, 0.0, 0.0, 1.0, 0.0, 1.0, 0.0, 0.0, 1.0, 0.0, 0.0, 0.0, 0.0, 0.0, 3.0, 0.0, 0.0, 0.0, 1.0, 0.0, 0.0, 1.0, 1.0, 0.0, 0.0, 1.0, 0.0, 25.0, 9.0, 0.0, 2.0, 1.0, 2.0, 0.0, 0.0, 1.0, 0.0, 10.0], "bins": [-2910786048.0, -2865272576.0, -2819759104.0, -2774245632.0, -2728732160.0, -2683218944.0, -2637705472.0, -2592192000.0, -2546678528.0, -2501165056.0, -2455651584.0, -2410138112.0, -2364624896.0, -2319111168.0, -2273597952.0, -2228084480.0, -2182571008.0, -2137057536.0, -2091544064.0, -2046030720.0, -2000517248.0, -1955003776.0, -1909490432.0, -1863976960.0, -1818463488.0, -1772950016.0, -1727436544.0, -1681923200.0, -1636409728.0, -1590896256.0, -1545382912.0, -1499869440.0, -1454356096.0, -1408842624.0, -1363329280.0, -1317815808.0, -1272302336.0, -1226788864.0, -1181275392.0, -1135762048.0, -1090248576.0, -1044735104.0, -999221696.0, -953708288.0, -908194816.0, -862681344.0, -817167936.0, -771654528.0, -726141056.0, -680627584.0, -635114176.0, -589600768.0, -544087296.0, -498573856.0, -453060416.0, -407546976.0, -362033536.0, -316520096.0, -271006656.0, -225493216.0, -179979776.0, -134466304.0, -88952896.0, -43439488.0, 2074005.0]}, "gradients/graph_1layer2.bias": {"_type": "histogram", "values": [2.0, 0.0, 0.0, 0.0, 1.0, 1.0, 0.0, 0.0, 0.0, 0.0, 0.0, 0.0, 0.0, 0.0, 1.0, 0.0, 0.0, 35.0, 0.0, 0.0, 0.0, 0.0, 1.0, 5.0, 3.0, 0.0, 0.0, 1.0, 0.0, 0.0, 0.0, 1.0, 1.0, 0.0, 1.0, 3.0, 1.0, 1.0, 0.0, 0.0, 1.0, 2.0, 1.0, 0.0, 0.0, 0.0, 0.0, 0.0, 0.0, 0.0, 0.0, 0.0, 0.0, 0.0, 0.0, 0.0, 0.0, 0.0, 1.0, 0.0, 0.0, 0.0, 0.0, 1.0], "bins": [-6033071.0, -5781152.0, -5529233.5, -5277314.5, -5025395.5, -4773477.0, -4521558.0, -4269639.0, -4017720.5, -3765801.5, -3513882.75, -3261964.0, -3010045.0, -2758126.25, -2506207.5, -2254288.5, -2002369.75, -1750450.875, -1498532.125, -1246613.25, -994694.4375, -742775.625, -490856.75, -238938.0, 12980.875, 264899.75, 516818.5, 768737.25, 1020656.25, 1272575.0, 1524493.75, 1776412.75, 2028331.5, 2280250.25, 2532169.25, 2784088.0, 3036006.75, 3287925.5, 3539844.5, 3791763.25, 4043682.0, 4295601.0, 4547520.0, 4799438.5, 5051357.5, 5303276.0, 5555195.0, 5807114.0, 6059033.0, 6310952.0, 6562870.5, 6814789.5, 7066708.5, 7318627.0, 7570546.0, 7822465.0, 8074383.5, 8326302.5, 8578221.0, 8830140.0, 9082059.0, 9333978.0, 9585896.0, 9837816.0, 10089734.0]}, "gradients/graph_1layer2.weight": {"_type": "histogram", "values": [4.0, 0.0, 0.0, 4.0, 2.0, 4.0, 2.0, 6.0, 7.0, 12.0, 1.0, 13.0, 13.0, 12.0, 12.0, 9.0, 13.0, 8.0, 94.0, 162.0, 333.0, 309.0, 340.0, 715.0, 4236.0, 9102.0, 276.0, 106.0, 103.0, 83.0, 53.0, 58.0, 50.0, 36.0, 31.0, 34.0, 21.0, 24.0, 13.0, 12.0, 13.0, 11.0, 4.0, 5.0, 5.0, 1.0, 0.0, 6.0, 4.0, 5.0, 1.0, 1.0, 1.0, 3.0, 3.0, 0.0, 2.0, 0.0, 1.0, 0.0, 1.0, 2.0, 0.0, 2.0], "bins": [-773179264.0, -742317888.0, -711456512.0, -680595072.0, -649733696.0, -618872320.0, -588010944.0, -557149568.0, -526288128.0, -495426752.0, -464565376.0, -433703968.0, -402842592.0, -371981184.0, -341119808.0, -310258400.0, -279397024.0, -248535632.0, -217674240.0, -186812864.0, -155951456.0, -125090080.0, -94228688.0, -63367296.0, -32505904.0, -1644512.0, 29216864.0, 60078272.0, 90939648.0, 121801056.0, 152662432.0, 183523840.0, 214385216.0, 245246608.0, 276108000.0, 306969376.0, 337830784.0, 368692160.0, 399553536.0, 430414944.0, 461276352.0, 492137728.0, 522999104.0, 553860480.0, 584721920.0, 615583296.0, 646444672.0, 677306112.0, 708167424.0, 739028800.0, 769890176.0, 800751616.0, 831612992.0, 862474368.0, 893335744.0, 924197120.0, 955058560.0, 985919936.0, 1016781312.0, 1047642752.0, 1078504064.0, 1109365504.0, 1140226816.0, 1171088256.0, 1201949696.0]}, "gradients/graph_1layer1.bias": {"_type": "histogram", "values": [1.0, 0.0, 0.0, 0.0, 0.0, 1.0, 0.0, 0.0, 0.0, 0.0, 2.0, 0.0, 0.0, 0.0, 0.0, 5.0, 0.0, 2.0, 2.0, 3.0, 4.0, 3.0, 11.0, 7.0, 17.0, 15.0, 20.0, 16.0, 21.0, 74.0, 10.0, 7.0, 4.0, 3.0, 2.0, 3.0, 5.0, 3.0, 2.0, 3.0, 0.0, 2.0, 0.0, 1.0, 4.0, 1.0, 0.0, 0.0, 0.0, 0.0, 0.0, 0.0, 0.0, 0.0, 0.0, 1.0, 0.0, 0.0, 0.0, 0.0, 0.0, 0.0, 0.0, 1.0], "bins": [-2103965184.0, -2032007168.0, -1960049280.0, -1888091264.0, -1816133376.0, -1744175360.0, -1672217344.0, -1600259328.0, -1528301440.0, -1456343552.0, -1384385536.0, -1312427520.0, -1240469504.0, -1168511616.0, -1096553600.0, -1024595712.0, -952637696.0, -880679744.0, -808721792.0, -736763776.0, -664805824.0, -592847872.0, -520889888.0, -448931904.0, -376973952.0, -305016000.0, -233058048.0, -161100032.0, -89142080.0, -17184128.0, 54773888.0, 126731776.0, 198689792.0, 270647744.0, 342605728.0, 414563712.0, 486521664.0, 558479616.0, 630437632.0, 702395584.0, 774353536.0, 846311488.0, 918269440.0, 990227456.0, 1062185408.0, 1134143360.0, 1206101376.0, 1278059264.0, 1350017280.0, 1421975296.0, 1493933184.0, 1565891200.0, 1637849088.0, 1709807104.0, 1781765120.0, 1853723136.0, 1925681024.0, 1997638912.0, 2069596928.0, 2141554944.0, 2213512960.0, 2285470720.0, 2357428736.0, 2429386752.0, 2501344768.0]}, "gradients/graph_1layer1.weight": {"_type": "histogram", "values": [1.0, 0.0, 0.0, 0.0, 3.0, 2.0, 0.0, 2.0, 0.0, 1.0, 2.0, 0.0, 2.0, 1.0, 3.0, 6.0, 4.0, 11.0, 20.0, 12.0, 22.0, 33.0, 27.0, 34.0, 41.0, 33.0, 55.0, 66.0, 99.0, 144.0, 152.0, 254.0, 546.0, 117555.0, 577.0, 190.0, 64.0, 67.0, 46.0, 33.0, 18.0, 21.0, 25.0, 18.0, 6.0, 18.0, 17.0, 10.0, 11.0, 5.0, 8.0, 6.0, 7.0, 6.0, 7.0, 6.0, 1.0, 2.0, 4.0, 5.0, 5.0, 2.0, 0.0, 4.0],