{"loss": 0.4593594968318939, "epoch": 30, "_timestamp": 1655015592, "_runtime": 32, "_step": 30, "gradients/out.bias": {"_type": "histogram", "values": [0.0, 0.0, 0.0, 0.0, 0.0, 0.0, 0.0, 0.0, 0.0, 0.0, 0.0, 0.0, 0.0, 0.0, 0.0, 0.0, 0.0, 0.0, 0.0, 0.0, 0.0, 0.0, 0.0, 0.0, 0.0, 0.0, 0.0, 0.0, 0.0, 0.0, 0.0, 0.0, 1.0, 0.0, 0.0, 0.0, 0.0, 0.0, 0.0, 0.0, 0.0, 0.0, 0.0, 0.0, 0.0, 0.0, 0.0, 0.0, 0.0, 0.0, 0.0, 0.0, 0.0, 0.0, 0.0, 0.0, 0.0, 0.0, 0.0, 0.0, 0.0, 0.0, 0.0, 0.0], "bins": [-56442.5703125, -56442.5703125, -56442.5703125, -56442.5703125, -56442.5703125, -56442.5703125, -56442.5703125, -56442.5703125, -56442.5703125, -56442.5703125, -56442.5703125, -56442.5703125, -56442.5703125, -56442.5703125, -56442.5703125, -56442.5703125, -56442.5703125, -56442.5703125, -56442.5703125, -56442.5703125, -56442.5703125, -56442.5703125, -56442.5703125, -56442.5703125, -56442.5703125, -56442.5703125, -56442.5703125, -56442.5703125, -56442.5703125, -56442.5703125, -56442.5703125, -56442.5703125, -56442.5703125, -56442.5703125, -56442.5703125, -56442.5703125, -56442.5703125, -56442.5703125, -56442.5703125, -56442.5703125, -56442.5703125, -56442.5703125, -56442.5703125, -56442.5703125, -56442.5703125, -56442.5703125, -56442.5703125, -56442.5703125, -56442.5703125, -56442.5703125, -56442.5703125, -56442.5703125, -56442.5703125, -56442.5703125, -56442.5703125, -56442.5703125, -56442.5703125, -56442.5703125, -56442.5703125, -56442.5703125, -56442.5703125, -56442.5703125, -56442.5703125, -56442.5703125, -56442.5703125]}, "gradients/out.weight": {"_type": "histogram", "values": [32.0, 0.0, 1.0, 0.0, 0.0, 0.0, 0.0, 3.0, 1.0, 0.0, 0.0, 0.0, 0.0, 1.0, 0.0, 0.0, 0.0, 0.0, 0.0, 0.0, 0.0, 0.0, 0.0, 0.0, 0.0, 0.0, 0.0, 0.0, 0.0, 0.0, 0.0, 0.0, 0.0, 0.0, 0.0, 0.0, 0.0, 0.0, 0.0, 0.0, 0.0, 0.0, 0.0, 0.0, 0.0, 0.0, 0.0, 0.0, 0.0, 0.0, 0.0, 0.0, 0.0, 0.0, 0.0, 0.0, 0.0, 0.0, 0.0, 0.0, 0.0, 0.0, 1.0, 25.0], "bins": [-1405327744.0, -1383369472.0, -1361411200.0, -1339453056.0, -1317494784.0, -1295536512.0, -1273578240.0, -1251619968.0, -1229661824.0, -1207703552.0, -1185745280.0, -1163787008.0, -1141828864.0, -1119870592.0, -1097912320.0, -1075954048.0, -1053995776.0, -1032037504.0, -1010079296.0, -988121024.0, -966162816.0, -944204544.0, -922246272.0, -900288064.0, -878329792.0, -856371584.0, -834413312.0, -812455040.0, -790496832.0, -768538624.0, -746580352.0, -724622080.0, -702663872.0, -680705600.0, -658747392.0, -636789120.0, -614830912.0, -592872640.0, -570914432.0, -548956160.0, -526997888.0, -505039680.0, -483081408.0, -461123168.0, -439164928.0, -417206688.0, -395248416.0, -373290176.0, -351331936.0, -329373696.0, -307415456.0, -285457216.0, -263498944.0, -241540704.0, -219582464.0, -197624208.0, -175665968.0, -153707728.0, -131749472.0, -109791232.0, -87832992.0, -65874752.0, -43916480.0, -21958240.0, 0.0]}, "gradients/layer2.bias": {"_type": "histogram", "values": [1.0, 0.0, 0.0, 0.0, 0.0, 0.0, 0.0, 0.0, 0.0, 0.0, 0.0, 0.0, 0.0, 0.0, 0.0, 0.0, 0.0, 0.0, 0.0, 0.0, 0.0, 0.0, 0.0, 0.0, 0.0, 0.0, 0.0, 0.0, 0.0, 0.0, 0.0, 0.0, 0.0, 0.0, 0.0, 0.0, 0.0, 0.0, 0.0, 0.0, 0.0, 0.0, 0.0, 0.0, 0.0, 0.0, 0.0, 0.0, 0.0, 0.0, 0.0, 0.0, 0.0, 0.0, 33.0, 4.0, 1.0, 0.0, 0.0, 1.0, 0.0, 0.0, 0.0, 24.0], "bins": [-2073471.25, -2041073.25, -2008675.25, -1976277.25, -1943879.25, -1911481.25, -1879083.25, -1846685.375, -1814287.375, -1781889.375, -1749491.375, -1717093.375, -1684695.375, -1652297.375, -1619899.375, -1587501.5, -1555103.5, -1522705.5, -1490307.5, -1457909.5, -1425511.5, -1393113.5, -1360715.5, -1328317.625, -1295919.625, -1263521.625, -1231123.625, -1198725.625, -1166327.625, -1133929.625, -1101531.625, -1069133.75, -1036735.625, -1004337.625, -971939.625, -939541.625, -907143.6875, -874745.6875, -842347.6875, -809949.6875, -777551.75, -745153.75, -712755.75, -680357.75, -647959.75, -615561.75, -583163.75, -550765.8125, -518367.8125, -485969.8125, -453571.84375, -421173.84375, -388775.875, -356377.875, -323979.875, -291581.875, -259183.90625, -226785.90625, -194387.9375, -161989.9375, -129591.9375, -97193.96875, -64795.96875, -32398.0, 0.0]}, "gradients/layer2.weight": {"_type": "histogram", "values": [1.0, 3.0, 4.0, 2.0, 3.0, 5.0, 4.0, 4.0, 5.0, 4.0, 2.0, 5.0, 2.0, 1.0, 1.0, 2.0, 3.0, 5.0, 1.0, 2.0, 3.0, 3.0, 4.0, 6.0, 1.0, 2.0, 2.0, 5.0, 4.0, 4.0, 6.0, 3.0, 7.0, 4.0, 11.0, 13.0, 9.0, 10.0, 13.0, 20.0, 22.0, 20.0, 13.0, 7.0, 2.0, 1.0, 1.0, 1.0, 0.0, 67.0, 437.0, 347.0, 301.0, 319.0, 420.0, 564.0, 635.0, 1199.0, 2930.0, 2506.0, 4.0, 6208.0, 168.0, 23.0], "bins": [-74633976.0, -73421240.0, -72208512.0, -70995776.0, -69783040.0, -68570312.0, -67357576.0, -66144840.0, -64932108.0, -63719376.0, -62506640.0, -61293908.0, -60081176.0, -58868440.0, -57655708.0, -56442976.0, -55230240.0, -54017508.0, -52804772.0, -51592040.0, -50379304.0, -49166572.0, -47953840.0, -46741104.0, -45528372.0, -44315640.0, -43102904.0, -41890172.0, -40677440.0, -39464704.0, -38251972.0, -37039240.0, -35826508.0, -34613776.0, -33401040.0, -32188308.0, -30975574.0, -29762840.0, -28550108.0, -27337374.0, -26124640.0, -24911906.0, -23699172.0, -22486440.0, -21273706.0, -20060972.0, -18848240.0, -17635506.0, -16422772.0, -15210038.0, -13997305.0, -12784572.0, -11571838.0, -10359104.0, -9146371.0, -7933638.0, -6720904.0, -5508170.0, -4295437.0, -3082704.0, -1869970.0, -657236.0, 555496.0, 1768230.0, 2980964.25]}, "gradients/layer1.bias": {"_type": "histogram", "values": [1.0, 0.0, 0.0, 0.0, 0.0, 0.0, 0.0, 0.0, 0.0, 0.0, 0.0, 0.0, 0.0, 0.0, 0.0, 0.0, 0.0, 0.0, 0.0, 0.0, 0.0, 0.0, 0.0, 0.0, 0.0, 0.0, 0.0, 0.0, 0.0, 0.0, 0.0, 0.0, 0.0, 1.0, 0.0, 1.0, 3.0, 3.0, 0.0, 4.0, 1.0, 3.0, 5.0, 4.0, 1.0, 1.0, 6.0, 0.0, 0.0, 1.0, 1.0, 2.0, 9.0, 6.0, 4.0, 4.0, 4.0, 11.0, 33.0, 66.0, 46.0, 21.0, 10.0, 4.0], "bins": [-220304352.0, -217116640.0, -213928928.0, -210741200.0, -207553488.0, -204365776.0, -201178048.0, -197990336.0, -194802624.0, -191614912.0, -188427200.0, -185239472.0, -182051760.0, -178864048.0, -175676320.0, -172488608.0, -169300896.0, -166113184.0, -162925472.0, -159737744.0, -156550032.0, -153362320.0, -150174592.0, -146986880.0, -143799168.0, -140611456.0, -137423744.0, -134236016.0, -131048304.0, -127860592.0, -124672872.0, -121485152.0, -118297440.0, -115109728.0, -111922008.0, -108734288.0, -105546576.0, -102358864.0, -99171144.0, -95983424.0, -92795712.0, -89608000.0, -86420280.0, -83232560.0, -80044848.0, -76857136.0, -73669416.0, -70481696.0, -67293984.0, -64106268.0, -60918552.0, -57730836.0, -54543120.0, -51355404.0, -48167688.0, -44979972.0, -41792256.0, -38604540.0, -35416824.0, -32229108.0, -29041392.0, -25853676.0, -22665960.0, -19478244.0, -16290528.0]}, "gradients/layer1.weight": {"_type": "histogram", "values": [1.0, 0.0, 2.0, 0.0, 0.0, 0.0, 0.0, 0.0, 0.0, 1.0, 2.0, 4.0, 4.0, 4.0, 5.0, 2.0, 0.0, 5.0, 5.0, 19.0, 13.0, 16.0, 21.0, 16.0, 17.0, 49.0, 148.0, 52.0, 16.0, 30.0, 34.0, 109.0, 287.0, 218.0, 93.0, 199.0, 625.0, 447.0, 291.0, 556.0, 114667.0, 1175.0, 206.0, 213.0, 2.0, 0.0, 0.0, 0.0, 37.0, 41.0, 160.0, 18.0, 0.0, 0.0, 31.0, 107.0, 198.0, 121.0, 22.0, 12.0, 6.0, 8.0, 4.0, 1.0], "bins": [-556962816.0, -543218816.0, -529474752.0, -515730752.0, -501986720.0, -488242688.0, -474498656.0, -460754624.0, -447010624.0, -433266592.0, -419522560.0, -405778528.0, -392034496.0, -378290496.0, -364546432.0, -350802432.0, -337058400.0, -323314368.0, -309570336.0, -295826304.0, -282082304.0, -268338272.0, -254594240.0, -240850208.0, -227106192.0, -213362176.0, -199618144.0, -185874112.0, -172130080.0, -158386064.0, -144642032.0, -130898016.0, -117153952.0, -103409928.0, -89665904.0, -75921872.0, -62177848.0, -48433824.0, -34689792.0, -20945768.0, -7201744.0, 6542280.0, 20286304.0, 34030336.0, 47774368.0, 61518384.0, 75262416.0, 89006432.0, 102750464.0, 116494488.0, 130238512.0, 143982544.0, 157726560.0, 171470592.0, 185214624.0, 198958656.0, 212702672.0, 226446688.0, 240190720.0, 253934752.0, 267678784.0, 281422784.0, 295166848.0, 308910848.0, 322654880.0]}, "_wandb": {"runtime": 30}}