{"loss": 0.29199400544166565, "epoch": 175, "_timestamp": 1655016945, "_runtime": 143, "_step": 175, "gradients/out.bias": {"_type": "histogram", "values": [0.0, 0.0, 0.0, 0.0, 0.0, 0.0, 0.0, 0.0, 0.0, 0.0, 0.0, 0.0, 0.0, 0.0, 0.0, 0.0, 0.0, 0.0, 0.0, 0.0, 0.0, 0.0, 0.0, 0.0, 0.0, 0.0, 0.0, 0.0, 0.0, 0.0, 0.0, 0.0, 1.0, 0.0, 0.0, 0.0, 0.0, 0.0, 0.0, 0.0, 0.0, 0.0, 0.0, 0.0, 0.0, 0.0, 0.0, 0.0, 0.0, 0.0, 0.0, 0.0, 0.0, 0.0, 0.0, 0.0, 0.0, 0.0, 0.0, 0.0, 0.0, 0.0, 0.0, 0.0], "bins": [77119.703125, 77119.703125, 77119.703125, 77119.703125, 77119.703125, 77119.703125, 77119.703125, 77119.703125, 77119.703125, 77119.703125, 77119.703125, 77119.703125, 77119.703125, 77119.703125, 77119.703125, 77119.703125, 77119.703125, 77119.703125, 77119.703125, 77119.703125, 77119.703125, 77119.703125, 77119.703125, 77119.703125, 77119.703125, 77119.703125, 77119.703125, 77119.703125, 77119.703125, 77119.703125, 77119.703125, 77119.703125, 77119.703125, 77119.703125, 77119.703125, 77119.703125, 77119.703125, 77119.703125, 77119.703125, 77119.703125, 77119.703125, 77119.703125, 77119.703125, 77119.703125, 77119.703125, 77119.703125, 77119.703125, 77119.703125, 77119.703125, 77119.703125, 77119.703125, 77119.703125, 77119.703125, 77119.703125, 77119.703125, 77119.703125, 77119.703125, 77119.703125, 77119.703125, 77119.703125, 77119.703125, 77119.703125, 77119.703125, 77119.703125, 77119.703125]}, "gradients/out.weight": {"_type": "histogram", "values": [17.0, 2.0, 0.0, 1.0, 1.0, 0.0, 0.0, 0.0, 0.0, 1.0, 0.0, 1.0, 0.0, 0.0, 0.0, 0.0, 0.0, 0.0, 2.0, 0.0, 0.0, 0.0, 0.0, 0.0, 0.0, 0.0, 0.0, 0.0, 0.0, 0.0, 0.0, 0.0, 0.0, 0.0, 0.0, 0.0, 0.0, 0.0, 0.0, 0.0, 0.0, 0.0, 0.0, 0.0, 0.0, 0.0, 0.0, 0.0, 0.0, 0.0, 0.0, 0.0, 0.0, 0.0, 0.0, 1.0, 1.0, 0.0, 0.0, 2.0, 1.0, 2.0, 0.0, 32.0], "bins": [-6006.1923828125, 21362582.0, 42731168.0, 64099756.0, 85468344.0, 106836936.0, 128205520.0, 149574112.0, 170942704.0, 192311296.0, 213679888.0, 235048464.0, 256417056.0, 277785632.0, 299154208.0, 320522816.0, 341891392.0, 363259968.0, 384628576.0, 405997152.0, 427365760.0, 448734336.0, 470102912.0, 491471488.0, 512840096.0, 534208704.0, 555577280.0, 576945856.0, 598314432.0, 619683072.0, 641051648.0, 662420224.0, 683788800.0, 705157376.0, 726525952.0, 747894592.0, 769263168.0, 790631744.0, 812000320.0, 833368896.0, 854737536.0, 876106112.0, 897474688.0, 918843264.0, 940211840.0, 961580416.0, 982948992.0, 1004317632.0, 1025686208.0, 1047054784.0, 1068423360.0, 1089792000.0, 1111160576.0, 1132529152.0, 1153897728.0, 1175266304.0, 1196634880.0, 1218003456.0, 1239372032.0, 1260740608.0, 1282109312.0, 1303477888.0, 1324846464.0, 1346215040.0, 1367583616.0]}, "gradients/layer2.bias": {"_type": "histogram", "values": [1.0, 0.0, 0.0, 0.0, 1.0, 0.0, 0.0, 0.0, 0.0, 0.0, 0.0, 0.0, 0.0, 0.0, 0.0, 0.0, 0.0, 0.0, 1.0, 0.0, 0.0, 1.0, 0.0, 5.0, 12.0, 1.0, 0.0, 0.0, 0.0, 0.0, 0.0, 1.0, 0.0, 0.0, 0.0, 0.0, 0.0, 0.0, 0.0, 0.0, 0.0, 0.0, 0.0, 0.0, 0.0, 0.0, 0.0, 2.0, 3.0, 34.0, 0.0, 0.0, 0.0, 0.0, 0.0, 0.0, 0.0, 0.0, 0.0, 0.0, 0.0, 0.0, 1.0, 1.0], "bins": [-746567.625, -715845.5625, -685123.5, -654401.5, -623679.4375, -592957.375, -562235.3125, -531513.25, -500791.1875, -470069.15625, -439347.09375, -408625.03125, -377903.0, -347180.9375, -316458.875, -285736.84375, -255014.78125, -224292.734375, -193570.671875, -162848.625, -132126.5625, -101404.515625, -70682.46875, -39960.40625, -9238.359375, 21483.6875, 52205.75, 82927.8125, 113649.84375, 144371.90625, 175093.96875, 205816.0, 236538.0625, 267260.125, 297982.15625, 328704.21875, 359426.28125, 390148.3125, 420870.375, 451592.4375, 482314.5, 513036.53125, 543758.625, 574480.625, 605202.6875, 635924.75, 666646.8125, 697368.875, 728090.875, 758812.9375, 789535.0, 820257.0, 850979.0625, 881701.125, 912423.1875, 943145.25, 973867.3125, 1004589.375, 1035311.375, 1066033.5, 1096755.5, 1127477.5, 1158199.625, 1188921.625, 1219643.75]}, "gradients/layer2.weight": {"_type": "histogram", "values": [2.0, 9.0, 6.0, 5.0, 0.0, 4.0, 13.0, 15.0, 6.0, 3.0, 5.0, 7.0, 5.0, 3.0, 3.0, 8.0, 10.0, 14.0, 9.0, 20.0, 19.0, 56.0, 48.0, 47.0, 129.0, 110.0, 350.0, 5893.0, 1460.0, 887.0, 1590.0, 585.0, 788.0, 557.0, 592.0, 317.0, 155.0, 335.0, 163.0, 228.0, 125.0, 119.0, 77.0, 4.0, 6.0, 72.0, 79.0, 243.0, 115.0, 163.0, 36.0, 168.0, 225.0, 360.0, 57.0, 33.0, 4.0, 9.0, 11.0, 4.0, 6.0, 5.0, 6.0, 1.0], "bins": [-28544246.0, -27499890.0, -26455534.0, -25411176.0, -24366820.0, -23322464.0, -22278108.0, -21233752.0, -20189396.0, -19145040.0, -18100682.0, -17056326.0, -16011970.0, -14967613.0, -13923257.0, -12878900.0, -11834544.0, -10790188.0, -9745831.0, -8701475.0, -7657118.5, -6612762.0, -5568406.0, -4524049.5, -3479693.0, -2435337.0, -1390980.0, -346624.0, 697732.0, 1742089.0, 2786445.0, 3830802.0, 4875160.0, 5919516.5, 6963873.0, 8008229.0, 9052586.0, 10096942.0, 11141298.0, 12185654.0, 13230011.0, 14274367.0, 15318724.0, 16363080.0, 17407436.0, 18451792.0, 19496148.0, 20540506.0, 21584862.0, 22629218.0, 23673574.0, 24717932.0, 25762288.0, 26806644.0, 27851000.0, 28895356.0, 29939712.0, 30984068.0, 32028426.0, 33072782.0, 34117136.0, 35161496.0, 36205852.0, 37250208.0, 38294564.0]}, "gradients/layer1.bias": {"_type": "histogram", "values": [1.0, 2.0, 1.0, 3.0, 1.0, 1.0, 1.0, 5.0, 6.0, 7.0, 4.0, 7.0, 13.0, 7.0, 4.0, 6.0, 3.0, 3.0, 5.0, 11.0, 4.0, 5.0, 9.0, 5.0, 7.0, 11.0, 7.0, 17.0, 10.0, 8.0, 5.0, 6.0, 6.0, 3.0, 5.0, 4.0, 3.0, 3.0, 6.0, 10.0, 2.0, 10.0, 4.0, 2.0, 1.0, 0.0, 1.0, 0.0, 0.0, 2.0, 2.0, 1.0, 2.0, 0.0, 0.0, 0.0, 0.0, 1.0, 0.0, 0.0, 1.0, 0.0, 1.0, 1.0], "bins": [88478632.0, 90694688.0, 92910744.0, 95126800.0, 97342864.0, 99558920.0, 101774976.0, 103991032.0, 106207088.0, 108423144.0, 110639200.0, 112855264.0, 115071312.0, 117287376.0, 119503432.0, 121719488.0, 123935544.0, 126151600.0, 128367656.0, 130583712.0, 132799776.0, 135015824.0, 137231888.0, 139447936.0, 141664000.0, 143880064.0, 146096112.0, 148312176.0, 150528224.0, 152744288.0, 154960336.0, 157176400.0, 159392464.0, 161608528.0, 163824576.0, 166040640.0, 168256688.0, 170472752.0, 172688800.0, 174904864.0, 177120928.0, 179336976.0, 181553040.0, 183769088.0, 185985152.0, 188201200.0, 190417264.0, 192633312.0, 194849376.0, 197065440.0, 199281488.0, 201497552.0, 203713600.0, 205929664.0, 208145712.0, 210361776.0, 212577824.0, 214793888.0, 217009952.0, 219226000.0, 221442064.0, 223658112.0, 225874176.0, 228090240.0, 230306288.0]}, "gradients/layer1.weight": {"_type": "histogram", "values": [17.0, 48.0, 16.0, 228.0, 467.0, 115065.0, 921.0, 391.0, 253.0, 172.0, 42.0, 100.0, 318.0, 261.0, 172.0, 160.0, 105.0, 100.0, 53.0, 45.0, 39.0, 46.0, 67.0, 82.0, 77.0, 116.0, 122.0, 113.0, 110.0, 71.0, 53.0, 60.0, 53.0, 39.0, 44.0, 39.0, 30.0, 21.0, 31.0, 23.0, 10.0, 12.0, 6.0, 9.0, 14.0, 13.0, 19.0, 19.0, 15.0, 9.0, 0.0, 1.0, 2.0, 2.0, 2.0, 3.0, 3.0, 4.0, 5.0, 1.0, 0.0, 0.0, 0.0, 1.0], "bins": [-91686720.0, -75756000.0, -59825272.0, -43894548.0, -27963824.0, -12033104.0, 3897624.0, 19828352.0, 35759072.0, 51689792.0, 67620512.0, 83551248.0, 99481968.0, 115412688.0, 131343424.0, 147274144.0, 163204864.0, 179135584.0, 195066304.0, 210997040.0, 226927760.0, 242858480.0, 258789216.0, 274719936.0, 290650656.0, 306581376.0, 322512096.0, 338442816.0, 354373568.0, 370304256.0, 386235008.0, 402165728.0, 418096448.0, 434027168.0, 449957888.0, 465888608.0, 481819328.0, 497750080.0, 513680800.0, 529611520.0, 545542272.0, 561472960.0, 577403648.0, 593334400.0, 609265152.0, 625195840.0, 641126592.0, 657057280.0, 672988032.0, 688918784.0, 704849472.0, 720780224.0, 736710912.0, 752641664.0, 768572352.0, 784503104.0, 800433792.0, 816364544.0, 832295296.0, 848225984.0, 864156736.0, 880087424.0, 896018176.0, 911948928.0, 927879616.0]}, "_wandb": {"runtime": 141}}